model; shuffled; hidden_layers; units; learning_rate; epochs; dropout_rate; r2; rmse
RF; True; 1; 32; 0.1; 50; 0.0; 0.48330766040554674; 0.6656950692848153
RF; False; 1; 32; 0.1; 50; 0.0; 0.4907150023813659; 0.7111994119924411
RF; True; 1; 32; 0.1; 50; 0.2; 0.6001379090538654; 0.5856180378458896
RF; False; 1; 32; 0.1; 50; 0.2; 0.544192801185452; 0.6728240972388565
RF; True; 1; 32; 0.1; 50; 0.5; 0.5650369798545486; 0.6107809688712852
RF; False; 1; 32; 0.1; 50; 0.5; 0.5155971908084886; 0.69360828797781
RF; True; 1; 32; 0.1; 100; 0.0; 0.5153163644040011; 0.644745778455306
RF; False; 1; 32; 0.1; 100; 0.0; 0.5301970956798125; 0.6830756373341011
RF; True; 1; 32; 0.1; 100; 0.2; 0.35226021356082404; 0.7453489013991264
RF; False; 1; 32; 0.1; 100; 0.2; 0.5463706280468277; 0.6712148106064845
RF; True; 1; 32; 0.1; 100; 0.5; 0.28956675137383603; 0.7805863777737079
RF; False; 1; 32; 0.1; 100; 0.5; 0.48443808661556653; 0.7155687414059694
RF; True; 1; 32; 0.01; 50; 0.0; 0.6195778222399027; 0.5712053184858865
RF; False; 1; 32; 0.01; 50; 0.0; 0.5050218112980362; 0.7011387635536318
RF; True; 1; 32; 0.01; 50; 0.2; 0.625810363815398; 0.5665069030086779
RF; False; 1; 32; 0.01; 50; 0.2; 0.5835462013757133; 0.6431234734954399
RF; True; 1; 32; 0.01; 50; 0.5; 0.6276940207307555; 0.5650792165171502
RF; False; 1; 32; 0.01; 50; 0.5; 0.5778175451364693; 0.6475317053508483
RF; True; 1; 32; 0.01; 100; 0.0; 0.6423516307813286; 0.5538439976526832
RF; False; 1; 32; 0.01; 100; 0.0; 0.5745162101079196; 0.6500585231549261
RF; True; 1; 32; 0.01; 100; 0.2; 0.6019688011350756; 0.5842757830735273
RF; False; 1; 32; 0.01; 100; 0.2; 0.5868070659648332; 0.6406006727581879
RF; True; 1; 32; 0.01; 100; 0.5; 0.6334906289472743; 0.5606629663612578
RF; False; 1; 32; 0.01; 100; 0.5; 0.5604877541681161; 0.6606880282266389
RF; True; 1; 32; 0.001; 50; 0.0; 0.4215272523761333; 0.7043698866901583
RF; False; 1; 32; 0.001; 50; 0.0; 0.388837039271808; 0.7790932836735371
RF; True; 1; 32; 0.001; 50; 0.2; 0.5327394362105206; 0.6330512827389861
RF; False; 1; 32; 0.001; 50; 0.2; 0.3578695384897327; 0.7985876390074176
RF; True; 1; 32; 0.001; 50; 0.5; 0.5361794733402909; 0.6307166721614891
RF; False; 1; 32; 0.001; 50; 0.5; 0.309907968088995; 0.8278744009955681
RF; True; 1; 32; 0.001; 100; 0.0; 0.5056595710075507; 0.6511370293908227
RF; False; 1; 32; 0.001; 100; 0.0; 0.34956564591184924; 0.803734634020722
RF; True; 1; 32; 0.001; 100; 0.2; 0.42761202515554064; 0.7006555708573264
RF; False; 1; 32; 0.001; 100; 0.2; 0.48282425132505147; 0.7166878192117944
RF; True; 1; 32; 0.001; 100; 0.5; 0.46763807290930703; 0.6757138536750874
RF; False; 1; 32; 0.001; 100; 0.5; 0.49062632622247815; 0.7112613259378033
RF; True; 1; 64; 0.1; 50; 0.0; 0.19527019055446249; 0.830776825414465
RF; False; 1; 64; 0.1; 50; 0.0; 0.3037255116913873; 0.8315745486958837
RF; True; 1; 64; 0.1; 50; 0.2; 0.18139929386280096; 0.8379061658857649
RF; False; 1; 64; 0.1; 50; 0.2; 0.3854687824437075; 0.7812372131566789
RF; True; 1; 64; 0.1; 50; 0.5; 0.5108664275483967; 0.6476987590338442
RF; False; 1; 64; 0.1; 50; 0.5; 0.5406642552088976; 0.6754233473400787
RF; True; 1; 64; 0.1; 100; 0.0; 0.5566294680211167; 0.616655687299085
RF; False; 1; 64; 0.1; 100; 0.0; 0.5063186892676246; 0.7002196444688016
RF; True; 1; 64; 0.1; 100; 0.2; 0.4416168663560367; 0.6920308808254088
RF; False; 1; 64; 0.1; 100; 0.2; 0.19424871342484207; 0.894564070759312
RF; True; 1; 64; 0.1; 100; 0.5; 0.49050589494132424; 0.6610417820813367
RF; False; 1; 64; 0.1; 100; 0.5; 0.43111537951112155; 0.7516627765489633
RF; True; 1; 64; 0.01; 50; 0.0; 0.6418114115623514; 0.5542621238071854
RF; False; 1; 64; 0.01; 50; 0.0; 0.6213726693886134; 0.6132208703217552
RF; True; 1; 64; 0.01; 50; 0.2; 0.5750738301678437; 0.6036928999778907
RF; False; 1; 64; 0.01; 50; 0.2; 0.6091915299596459; 0.623007006981108
RF; True; 1; 64; 0.01; 50; 0.5; 0.6302364064554582; 0.5631465180719752
RF; False; 1; 64; 0.01; 50; 0.5; 0.6118700116217709; 0.6208683866289793
RF; True; 1; 64; 0.01; 100; 0.0; 0.6474146881616312; 0.5499097716248427
RF; False; 1; 64; 0.01; 100; 0.0; 0.5408834111704053; 0.6752622008203414
RF; True; 1; 64; 0.01; 100; 0.2; 0.628479125112419; 0.5644830935343466
RF; False; 1; 64; 0.01; 100; 0.2; 0.592415312892898; 0.6362383995897763
RF; True; 1; 64; 0.01; 100; 0.5; 0.6174510793980785; 0.5727997493367252
RF; False; 1; 64; 0.01; 100; 0.5; 0.5552775809740333; 0.6645925354102017
RF; True; 1; 64; 0.001; 50; 0.0; 0.5352810785470563; 0.6313272083744413
RF; False; 1; 64; 0.001; 50; 0.0; 0.5054389988676184; 0.7008432272619187
RF; True; 1; 64; 0.001; 50; 0.2; 0.5970002738359783; 0.5879111601002426
RF; False; 1; 64; 0.001; 50; 0.2; 0.5038750130476333; 0.7019505160073942
RF; True; 1; 64; 0.001; 50; 0.5; 0.5345419869916319; 0.6318290420743827
RF; False; 1; 64; 0.001; 50; 0.5; 0.5100486739276981; 0.6975693916149573
RF; True; 1; 64; 0.001; 100; 0.0; 0.5512415090495025; 0.620391256250001
RF; False; 1; 64; 0.001; 100; 0.0; 0.5425614753437575; 0.6740270346041907
RF; True; 1; 64; 0.001; 100; 0.2; 0.5463487644517582; 0.6237641028465414
RF; False; 1; 64; 0.001; 100; 0.2; 0.4925400203915846; 0.7099239801326743
RF; True; 1; 64; 0.001; 100; 0.5; 0.5537802406586005; 0.6186339181797811
RF; False; 1; 64; 0.001; 100; 0.5; 0.47833466461631413; 0.7197918696441196
RF; True; 1; 128; 0.1; 50; 0.0; -0.5620326238767748; 1.1574557022868053
RF; False; 1; 128; 0.1; 50; 0.0; 0.4661534615239358; 0.7281471649216986
RF; True; 1; 128; 0.1; 50; 0.2; 0.554756456035307; 0.6179568407997934
RF; False; 1; 128; 0.1; 50; 0.2; 0.29191759707030496; 0.838596118971982
RF; True; 1; 128; 0.1; 50; 0.5; -0.9039649319511169; 1.2778762580169514
RF; False; 1; 128; 0.1; 50; 0.5; 0.4839948424892333; 0.7158762733358554
RF; True; 1; 128; 0.1; 100; 0.0; 0.3499691301771083; 0.7466659033572022
RF; False; 1; 128; 0.1; 100; 0.0; 0.5647195146406809; 0.6574996802468185
RF; True; 1; 128; 0.1; 100; 0.2; 0.47749397883919675; 0.6694297032609451
RF; False; 1; 128; 0.1; 100; 0.2; 0.5284482352099222; 0.6843458447902957
RF; True; 1; 128; 0.1; 100; 0.5; 0.5399514913985397; 0.6281467865463046
RF; False; 1; 128; 0.1; 100; 0.5; 0.47401945558789094; 0.722762793038849
RF; True; 1; 128; 0.01; 50; 0.0; 0.641971137629308; 0.554138529723432
RF; False; 1; 128; 0.01; 50; 0.0; 0.6175634314814055; 0.6162978515457064
RF; True; 1; 128; 0.01; 50; 0.2; 0.6488662713700594; 0.5487766230764755
RF; False; 1; 128; 0.01; 50; 0.2; 0.5882106235702715; 0.6395117325593204
RF; True; 1; 128; 0.01; 50; 0.5; 0.6027906060360082; 0.5836723017340181
RF; False; 1; 128; 0.01; 50; 0.5; 0.563291700590812; 0.6585771678859049
RF; True; 1; 128; 0.01; 100; 0.0; 0.6268643308959212; 0.5657085101545435
RF; False; 1; 128; 0.01; 100; 0.0; 0.6111837992647048; 0.6214169907376961
RF; True; 1; 128; 0.01; 100; 0.2; 0.5772594816013743; 0.6021383201224663
RF; False; 1; 128; 0.01; 100; 0.2; 0.5947206484687833; 0.6344365373541169
RF; True; 1; 128; 0.01; 100; 0.5; 0.612999245540063; 0.5761230280543083
RF; False; 1; 128; 0.01; 100; 0.5; 0.5986996120102452; 0.6313144605971278
RF; True; 1; 128; 0.001; 50; 0.0; 0.5898914150985768; 0.5930738277128125
RF; False; 1; 128; 0.001; 50; 0.0; 0.5150355474579336; 0.6940102753542015
RF; True; 1; 128; 0.001; 50; 0.2; 0.6052646340086218; 0.5818517542044871
RF; False; 1; 128; 0.001; 50; 0.2; 0.5208635832838762; 0.689827554237455
RF; True; 1; 128; 0.001; 50; 0.5; 0.590216217726456; 0.5928389263955764
RF; False; 1; 128; 0.001; 50; 0.5; 0.5366502905735211; 0.6783680651412296
RF; True; 1; 128; 0.001; 100; 0.0; 0.5767273293443218; 0.6025171914102527
RF; False; 1; 128; 0.001; 100; 0.0; 0.5444263135463723; 0.6726517295454428
RF; True; 1; 128; 0.001; 100; 0.2; 0.5767430257184766; 0.6025060196247751
RF; False; 1; 128; 0.001; 100; 0.2; 0.5261374731248121; 0.686020557920474
RF; True; 1; 128; 0.001; 100; 0.5; 0.6266199884256558; 0.5658937028401378
RF; False; 1; 128; 0.001; 100; 0.5; 0.5446189718542613; 0.6725094851055178
RF; True; 2; 32; 0.1; 50; 0.0; 0.5098402719099036; 0.6483778082225555
RF; False; 2; 32; 0.1; 50; 0.0; 0.6044408203121456; 0.626782238582088
RF; True; 2; 32; 0.1; 50; 0.2; 0.5949390535181978; 0.5894127353925764
RF; False; 2; 32; 0.1; 50; 0.2; 0.30272988181188976; 0.8321688866452065
RF; True; 2; 32; 0.1; 50; 0.5; 0.3822433161812504; 0.7278938587933381
RF; False; 2; 32; 0.1; 50; 0.5; 0.22397045798407156; 0.8779101588739192
RF; True; 2; 32; 0.1; 100; 0.0; 0.5538523187600461; 0.618583952038453
RF; False; 2; 32; 0.1; 100; 0.0; 0.6030478943534185; 0.6278848472991758
RF; True; 2; 32; 0.1; 100; 0.2; 0.4844020630197423; 0.6649896934204731
RF; False; 2; 32; 0.1; 100; 0.2; 0.432688999279748; 0.750622450912432
RF; True; 2; 32; 0.1; 100; 0.5; 0.2022287297440405; 0.8271771423348055
RF; False; 2; 32; 0.1; 100; 0.5; 0.46079125423082135; 0.7317949551481455
RF; True; 2; 32; 0.01; 50; 0.0; 0.6035641973766777; 0.5831036546895552
RF; False; 2; 32; 0.01; 50; 0.0; 0.6202288372676439; 0.6141464410907628
RF; True; 2; 32; 0.01; 50; 0.2; 0.6220795400140395; 0.5693240512214868
RF; False; 2; 32; 0.01; 50; 0.2; 0.5773318790651258; 0.6479040488536059
RF; True; 2; 32; 0.01; 50; 0.5; 0.646425606628569; 0.5506805420898148
RF; False; 2; 32; 0.01; 50; 0.5; 0.5809122414263544; 0.645154060621592
RF; True; 2; 32; 0.01; 100; 0.0; 0.625821690610982; 0.5664983288048168
RF; False; 2; 32; 0.01; 100; 0.0; 0.6098978053280897; 0.6224437982518802
RF; True; 2; 32; 0.01; 100; 0.2; 0.6110111035216521; 0.5776009929764544
RF; False; 2; 32; 0.01; 100; 0.2; 0.543791602462855; 0.6731201399474079
RF; True; 2; 32; 0.01; 100; 0.5; 0.550983471081171; 0.6205695943726932
RF; False; 2; 32; 0.01; 100; 0.5; 0.5846355504885961; 0.6422817898182652
RF; True; 2; 32; 0.001; 50; 0.0; 0.5711251535894399; 0.6064913575194991
RF; False; 2; 32; 0.001; 50; 0.0; 0.47379738815835104; 0.7229153510944862
RF; True; 2; 32; 0.001; 50; 0.2; 0.5701870105797351; 0.6071543304362341
RF; False; 2; 32; 0.001; 50; 0.2; 0.4965609675748499; 0.7071057835048898
RF; True; 2; 32; 0.001; 50; 0.5; 0.5179864342062245; 0.6429674084305826
RF; False; 2; 32; 0.001; 50; 0.5; 0.4068207844159071; 0.7675451115916608
RF; True; 2; 32; 0.001; 100; 0.0; 0.5742962288575251; 0.6042450168608651
RF; False; 2; 32; 0.001; 100; 0.0; 0.5204515158372709; 0.6901241236264579
RF; True; 2; 32; 0.001; 100; 0.2; 0.5619449710818505; 0.6129480447499356
RF; False; 2; 32; 0.001; 100; 0.2; 0.5208415874420995; 0.6898433881034159
RF; True; 2; 32; 0.001; 100; 0.5; 0.545013713725865; 0.624681266597888
RF; False; 2; 32; 0.001; 100; 0.5; 0.4220968717291149; 0.757597390442859
RF; True; 2; 64; 0.1; 50; 0.0; 0.2762197868838132; 0.7878847269963447
RF; False; 2; 64; 0.1; 50; 0.0; 0.5798471839408106; 0.6459733283534317
RF; True; 2; 64; 0.1; 50; 0.2; 0.4806255970368092; 0.6674205887499386
RF; False; 2; 64; 0.1; 50; 0.2; 0.34612642775201863; 0.8058567347055724
RF; True; 2; 64; 0.1; 50; 0.5; 0.4860503002402261; 0.6639259400130461
RF; False; 2; 64; 0.1; 50; 0.5; 0.25492273074660554; 0.860224097835467
RF; True; 2; 64; 0.1; 100; 0.0; 0.31032764003986013; 0.7690963306480691
RF; False; 2; 64; 0.1; 100; 0.0; 0.2769383697936829; 0.8474197966459226
RF; True; 2; 64; 0.1; 100; 0.2; 1.44355935227658e-06; 0.9261024120556376
RF; False; 2; 64; 0.1; 100; 0.2; 0.5575461219360038; 0.6628953160975843
RF; True; 2; 64; 0.1; 100; 0.5; 0.3006194052438137; 0.7744905406851796
RF; False; 2; 64; 0.1; 100; 0.5; 0.0007671634189814203; 0.9961948586782803
RF; True; 2; 64; 0.01; 50; 0.0; 0.627736200412866; 0.5650472058348532
RF; False; 2; 64; 0.01; 50; 0.0; 0.6295878690830401; 0.6065317615886837
RF; True; 2; 64; 0.01; 50; 0.2; 0.585756414271827; 0.596056220941831
RF; False; 2; 64; 0.01; 50; 0.2; 0.4981907310887578; 0.7059603127407723
RF; True; 2; 64; 0.01; 50; 0.5; 0.6180826744218905; 0.5723267027530391
RF; False; 2; 64; 0.01; 50; 0.5; 0.5947257773976765; 0.6344325228513175
RF; True; 2; 64; 0.01; 100; 0.0; 0.6148693890310845; 0.5747293130288283
RF; False; 2; 64; 0.01; 100; 0.0; 0.5820683258593775; 0.644263593608285
RF; True; 2; 64; 0.01; 100; 0.2; 0.61891442459587; 0.5717031485638405
RF; False; 2; 64; 0.01; 100; 0.2; 0.606476665470543; 0.6251672113689636
RF; True; 2; 64; 0.01; 100; 0.5; 0.5552311806977668; 0.6176273159877229
RF; False; 2; 64; 0.01; 100; 0.5; 0.6352683264137294; 0.6018630575679114
RF; True; 2; 64; 0.001; 50; 0.0; 0.5949036578431329; 0.5894384873270676
RF; False; 2; 64; 0.001; 50; 0.0; 0.5925958082417424; 0.6360975076572621
RF; True; 2; 64; 0.001; 50; 0.2; 0.6041160503602915; 0.5826976626570038
RF; False; 2; 64; 0.001; 50; 0.2; 0.5747468862537976; 0.6498822845671652
RF; True; 2; 64; 0.001; 50; 0.5; 0.610173284097891; 0.5782226881474678
RF; False; 2; 64; 0.001; 50; 0.5; 0.5364226971187072; 0.6785346490130527
RF; True; 2; 64; 0.001; 100; 0.0; 0.6331204019864749; 0.560946069836117
RF; False; 2; 64; 0.001; 100; 0.0; 0.5636820833041928; 0.6582827440978233
RF; True; 2; 64; 0.001; 100; 0.2; 0.6179444370356973; 0.5724302720129477
RF; False; 2; 64; 0.001; 100; 0.2; 0.5627417754014905; 0.6589916942766673
RF; True; 2; 64; 0.001; 100; 0.5; 0.5766540795191325; 0.602569323726777
RF; False; 2; 64; 0.001; 100; 0.5; 0.520409723931778; 0.6901541945940008
RF; True; 2; 128; 0.1; 50; 0.0; 0.517510006096439; 0.6432850883794962
RF; False; 2; 128; 0.1; 50; 0.0; 0.5380595299511186; 0.6773356797058918
RF; True; 2; 128; 0.1; 50; 0.2; 0.4527549581329062; 0.6850941301710639
RF; False; 2; 128; 0.1; 50; 0.2; 0.17442609501980555; 0.9055009826869135
RF; True; 2; 128; 0.1; 50; 0.5; 0.2629003320011488; 0.795101250673294
RF; False; 2; 128; 0.1; 50; 0.5; 0.44471503633340226; 0.7426238693229923
RF; True; 2; 128; 0.1; 100; 0.0; 0.33364691234452504; 0.7559821409677735
RF; False; 2; 128; 0.1; 100; 0.0; 0.5368931332659634; 0.678190274679252
RF; True; 2; 128; 0.1; 100; 0.2; 0.5843539136929123; 0.597064399264647
RF; False; 2; 128; 0.1; 100; 0.2; 0.2930388188098779; 0.8379319132920593
RF; True; 2; 128; 0.1; 100; 0.5; 0.37762394417694567; 0.7306102601308702
RF; False; 2; 128; 0.1; 100; 0.5; 0.06828243921619803; 0.9619513044555743
RF; True; 2; 128; 0.01; 50; 0.0; 0.6357574347042203; 0.5589264688194101
RF; False; 2; 128; 0.01; 50; 0.0; 0.6361284855124408; 0.601152941598707
RF; True; 2; 128; 0.01; 50; 0.2; 0.6195018654602488; 0.5712623403336647
RF; False; 2; 128; 0.01; 50; 0.2; 0.5500507437653999; 0.6684866159756261
RF; True; 2; 128; 0.01; 50; 0.5; 0.44624509193126893; 0.6891569226683275
RF; False; 2; 128; 0.01; 50; 0.5; 0.5996375589949698; 0.6305762531162358
RF; True; 2; 128; 0.01; 100; 0.0; 0.6581316518683957; 0.5414879238915189
RF; False; 2; 128; 0.01; 100; 0.0; 0.6136792306054315; 0.6194196465419524
RF; True; 2; 128; 0.01; 100; 0.2; 0.6484377028836363; 0.5491114195198824
RF; False; 2; 128; 0.01; 100; 0.2; 0.5951698904471843; 0.6340848113766192
RF; True; 2; 128; 0.01; 100; 0.5; 0.6389668717306396; 0.5564585964753583
RF; False; 2; 128; 0.01; 100; 0.5; 0.5915421480335872; 0.6369195387688558
RF; True; 2; 128; 0.001; 50; 0.0; 0.6286463978941248; 0.5643560033838023
RF; False; 2; 128; 0.001; 50; 0.0; 0.5568367318030676; 0.6634265161628711
RF; True; 2; 128; 0.001; 50; 0.2; 0.6493625929385096; 0.5483886427037014
RF; False; 2; 128; 0.001; 50; 0.2; 0.60206560604474; 0.6286612417935291
RF; True; 2; 128; 0.001; 50; 0.5; 0.6202130744450051; 0.5707282024458892
RF; False; 2; 128; 0.001; 50; 0.5; 0.5914325602837948; 0.6370049746316608
RF; True; 2; 128; 0.001; 100; 0.0; 0.6205530453818211; 0.5704726980691595
RF; False; 2; 128; 0.001; 100; 0.0; 0.6073651181913825; 0.6244610964918472
RF; True; 2; 128; 0.001; 100; 0.2; 0.6455380775519401; 0.5513712576495858
RF; False; 2; 128; 0.001; 100; 0.2; 0.5991120603055979; 0.6309899511775233
RF; True; 2; 128; 0.001; 100; 0.5; 0.6425602908451293; 0.5536824115885872
RF; False; 2; 128; 0.001; 100; 0.5; 0.5975799466933893; 0.6321945600954784
RF; True; 3; 32; 0.1; 50; 0.0; 0.43085273091722565; 0.6986692943432274
RF; False; 3; 32; 0.1; 50; 0.0; 0.4687444751599874; 0.7263779917033917
RF; True; 3; 32; 0.1; 50; 0.2; 0.18177545616385937; 0.837713627004377
RF; False; 3; 32; 0.1; 50; 0.2; 0.24737384485176261; 0.8645708740120686
RF; True; 3; 32; 0.1; 50; 0.5; 0.000603725948559064; 0.9258234820613126
RF; False; 3; 32; 0.1; 50; 0.5; 0.14150707183539069; 0.923377543632125
RF; True; 3; 32; 0.1; 100; 0.0; 0.4868903824905485; 0.663383104299191
RF; False; 3; 32; 0.1; 100; 0.0; 0.33892889860255826; 0.8102798399003412
RF; True; 3; 32; 0.1; 100; 0.2; 0.2600927530718863; 0.7966140636362785
RF; False; 3; 32; 0.1; 100; 0.2; -0.18128712354256638; 1.0831501953805822
RF; True; 3; 32; 0.1; 100; 0.5; -0.005050598836422671; 0.9284388225590755
RF; False; 3; 32; 0.1; 100; 0.5; 0.040668621825375784; 0.9761021565092949
RF; True; 3; 32; 0.01; 50; 0.0; 0.60405091746138; 0.5827455949198209
RF; False; 3; 32; 0.01; 50; 0.0; 0.6063465609121692; 0.6252705475311569
RF; True; 3; 32; 0.01; 50; 0.2; 0.6215809274078619; 0.5696994987142958
RF; False; 3; 32; 0.01; 50; 0.2; 0.5556079486809242; 0.6643456390390989
RF; True; 3; 32; 0.01; 50; 0.5; 0.5517244395089647; 0.6200573500522238
RF; False; 3; 32; 0.01; 50; 0.5; 0.5168063502879263; 0.6927420594465699
RF; True; 3; 32; 0.01; 100; 0.0; 0.5749990337548876; 0.6037460292975197
RF; False; 3; 32; 0.01; 100; 0.0; 0.582992074275248; 0.643551196426227
RF; True; 3; 32; 0.01; 100; 0.2; 0.6134477336170756; 0.5757891020753363
RF; False; 3; 32; 0.01; 100; 0.2; 0.5067107076073263; 0.6999415769674733
RF; True; 3; 32; 0.01; 100; 0.5; 0.5892635853328756; 0.5935276185121174
RF; False; 3; 32; 0.01; 100; 0.5; 0.4954473145358902; 0.7078874426987976
RF; True; 3; 32; 0.001; 50; 0.0; 0.5829957681371664; 0.5980390734551827
RF; False; 3; 32; 0.001; 50; 0.0; 0.4842235862958759; 0.715717582658804
RF; True; 3; 32; 0.001; 50; 0.2; 0.5397042000109786; 0.6283155887689718
RF; False; 3; 32; 0.001; 50; 0.2; 0.3619221660454036; 0.7960636185642672
RF; True; 3; 32; 0.001; 50; 0.5; 0.3489347353819833; 0.7472597523149407
RF; False; 3; 32; 0.001; 50; 0.5; 0.3823819299943608; 0.7831968721095687
RF; True; 3; 32; 0.001; 100; 0.0; 0.588341142546591; 0.5941937248037005
RF; False; 3; 32; 0.001; 100; 0.0; 0.4794115876646561; 0.7190485186156519
RF; True; 3; 32; 0.001; 100; 0.2; 0.5678528119240616; 0.6088007440280719
RF; False; 3; 32; 0.001; 100; 0.2; 0.4838176347881541; 0.7159991867381177
RF; True; 3; 32; 0.001; 100; 0.5; 0.49187500399384965; 0.660153011141297
RF; False; 3; 32; 0.001; 100; 0.5; 0.2790632912822163; 0.8461736888626098
RF; True; 3; 64; 0.1; 50; 0.0; 0.4933372311112987; 0.6592024683638812
RF; False; 3; 64; 0.1; 50; 0.0; 0.5139851169119032; 0.6947614801670955
RF; True; 3; 64; 0.1; 50; 0.2; -0.0023941208846767204; 0.9272110191231342
RF; False; 3; 64; 0.1; 50; 0.2; 0.2593173179587793; 0.8576834750528652
RF; True; 3; 64; 0.1; 50; 0.5; -1.572201089139469e-05; 0.9261103605710053
RF; False; 3; 64; 0.1; 50; 0.5; -0.0012511904105916294; 0.997200459833946
RF; True; 3; 64; 0.1; 100; 0.0; 0.5912197595112569; 0.5921125636756114
RF; False; 3; 64; 0.1; 100; 0.0; 0.29758373660836546; 0.8352341186460869
RF; True; 3; 64; 0.1; 100; 0.2; 0.10643092616484273; 0.8754339675432875
RF; False; 3; 64; 0.1; 100; 0.2; 0.15252413631634887; 0.917433546874606
RF; True; 3; 64; 0.1; 100; 0.5; 0.000676807997487483; 0.9257896304672221
RF; False; 3; 64; 0.1; 100; 0.5; -0.0034503223245740955; 0.9982949766462769
RF; True; 3; 64; 0.01; 50; 0.0; 0.613269412245257; 0.5759218961019754
RF; False; 3; 64; 0.01; 50; 0.0; 0.628059704077742; 0.6077816215719101
RF; True; 3; 64; 0.01; 50; 0.2; 0.5366283350339228; 0.6304114106820294
RF; False; 3; 64; 0.01; 50; 0.2; 0.5575064560511257; 0.6629250296353163
RF; True; 3; 64; 0.01; 50; 0.5; 0.5205694084392142; 0.6412423541533865
RF; False; 3; 64; 0.01; 50; 0.5; 0.4555170316945394; 0.7353652395223287
RF; True; 3; 64; 0.01; 100; 0.0; 0.6386172543714259; 0.5567279630425264
RF; False; 3; 64; 0.01; 100; 0.0; 0.5996187938101555; 0.6305910306528719
RF; True; 3; 64; 0.01; 100; 0.2; 0.605060333919434; 0.5820023069526542
RF; False; 3; 64; 0.01; 100; 0.2; 0.6008661161557743; 0.6296080126944004
RF; True; 3; 64; 0.01; 100; 0.5; 0.6294876924274175; 0.5637163720061417
RF; False; 3; 64; 0.01; 100; 0.5; 0.47259883233401456; 0.7237381915322235
RF; True; 3; 64; 0.001; 50; 0.0; 0.648010090251296; 0.5494452659315917
RF; False; 3; 64; 0.001; 50; 0.0; 0.587833203711559; 0.639804733255893
RF; True; 3; 64; 0.001; 50; 0.2; 0.6035824324549784; 0.583090243863634
RF; False; 3; 64; 0.001; 50; 0.2; 0.5730125474002256; 0.6512061658025813
RF; True; 3; 64; 0.001; 50; 0.5; 0.5612857991345017; 0.6134090442223468
RF; False; 3; 64; 0.001; 50; 0.5; 0.464991127104334; 0.7289394247438381
RF; True; 3; 64; 0.001; 100; 0.0; 0.6361595791016001; 0.5586178403899797
RF; False; 3; 64; 0.001; 100; 0.0; 0.5713595951140565; 0.6524654217529252
RF; True; 3; 64; 0.001; 100; 0.2; 0.6221459289878191; 0.5692740426831946
RF; False; 3; 64; 0.001; 100; 0.2; 0.548667824360439; 0.6695131249156582
RF; True; 3; 64; 0.001; 100; 0.5; 0.5475564027011877; 0.6229333067249422
RF; False; 3; 64; 0.001; 100; 0.5; 0.4883254974703637; 0.712865891267646
RF; True; 3; 128; 0.1; 50; 0.0; -0.10436837424988243; 0.9732318415201799
RF; False; 3; 128; 0.1; 50; 0.0; 0.0002527485051083689; 0.9964512511506347
RF; True; 3; 128; 0.1; 50; 0.2; 0.05502805478854622; 0.900261725100231
RF; False; 3; 128; 0.1; 50; 0.2; 0.21781771658311377; 0.8813835381609855
RF; True; 3; 128; 0.1; 50; 0.5; -0.004950310668196289; 0.9283924996416966
RF; False; 3; 128; 0.1; 50; 0.5; -0.0403060876170942; 1.016462865877614
RF; True; 3; 128; 0.1; 100; 0.0; 0.035285254938835386; 0.9096174580201245
RF; False; 3; 128; 0.1; 100; 0.0; 0.434285657745609; 0.7495654185758563
RF; True; 3; 128; 0.1; 100; 0.2; 0.00332530123715169; 0.9245620124429179
RF; False; 3; 128; 0.1; 100; 0.2; 0.3194477679720732; 0.8221322386424854
RF; True; 3; 128; 0.1; 100; 0.5; -0.004382596614391554; 0.9281302299943832
RF; False; 3; 128; 0.1; 100; 0.5; 0.018537320501870624; 0.9872970568909366
RF; True; 3; 128; 0.01; 50; 0.0; 0.6199704679407553; 0.5709104628918151
RF; False; 3; 128; 0.01; 50; 0.0; 0.5855221306584428; 0.6415959602018287
RF; True; 3; 128; 0.01; 50; 0.2; 0.41205226374583903; 0.710115005862306
RF; False; 3; 128; 0.01; 50; 0.2; 0.5421093935360486; 0.6743600193597815
RF; True; 3; 128; 0.01; 50; 0.5; 0.6132018790063178; 0.5759721793927579
RF; False; 3; 128; 0.01; 50; 0.5; 0.6060537519386187; 0.6255030500015542
RF; True; 3; 128; 0.01; 100; 0.0; 0.593721931821471; 0.5902976009223083
RF; False; 3; 128; 0.01; 100; 0.0; 0.6316157659399193; 0.604869191948558
RF; True; 3; 128; 0.01; 100; 0.2; 0.6193936307609814; 0.5713435838479234
RF; False; 3; 128; 0.01; 100; 0.2; 0.5809758170302735; 0.6451051238370672
RF; True; 3; 128; 0.01; 100; 0.5; 0.5503890484339514; 0.6209802235968204
RF; False; 3; 128; 0.01; 100; 0.5; 0.5172150956114492; 0.6924489937319571
RF; True; 3; 128; 0.001; 50; 0.0; 0.6409735265577388; 0.5549100180523653
RF; False; 3; 128; 0.001; 50; 0.0; 0.6229236000304352; 0.6119636460073677
RF; True; 3; 128; 0.001; 50; 0.2; 0.6378424178686624; 0.5573244804124292
RF; False; 3; 128; 0.001; 50; 0.2; 0.6152716891856191; 0.6181416687275794
RF; True; 3; 128; 0.001; 50; 0.5; 0.5557228069234235; 0.6172858737291484
RF; False; 3; 128; 0.001; 50; 0.5; 0.5006192771478699; 0.7042499652148727
RF; True; 3; 128; 0.001; 100; 0.0; 0.621073994268666; 0.570080957950083
RF; False; 3; 128; 0.001; 100; 0.0; 0.6267760223812501; 0.6088295399262169
RF; True; 3; 128; 0.001; 100; 0.2; 0.6550688782040548; 0.5439080909147753
RF; False; 3; 128; 0.001; 100; 0.2; 0.5619007533987885; 0.6596251417907837
RF; True; 3; 128; 0.001; 100; 0.5; 0.6206153741994853; 0.5704258425750892
RF; False; 3; 128; 0.001; 100; 0.5; 0.5477056738713707; 0.6702263794418211
